name,team
AASVOLD Kristian,Human Powered Health
ABERASTURI Jon,Trek - Segafredo
ABRAHAMSEN Jonas,Uno-X Pro Cycling Team
ACKERMANN Pascal,UAE Team Emirates
ADRIÀ Roger,Equipo Kern Pharma
AFFINI Edoardo,Jumbo-Visma
AGIRRE Jon,Equipo Kern Pharma
ALAPHILIPPE Julian,Quick-Step Alpha Vinyl Team
ALBA Juan Diego,Drone Hopper -  Androni Giocattoli
ALBANESE Vincenzo,EOLO-Kometa
ALEOTTI Giovanni,BORA - hansgrohe
ALLEGAERT Piet,Cofidis
ALMEIDA João,UAE Team Emirates
AMADOR Andrey,INEOS Grenadiers
AMEZQUETA Julen,Caja Rural - Seguros RGA
ANACONA Winner,Team Arkéa Samsic
ANDERSEN Idar,Uno-X Pro Cycling Team
ANDERSON Edward,Alpecin-Deceuninck
ANGULO Antonio,Euskaltel - Euskadi
ANIOŁKOWSKI Stanisław,Bingoal Pauwels Sauces WB
APARICIO Mario,Burgos-BH
APERS Ruben,Sport Vlaanderen - Baloise
ARAIZ Sergio,Equipo Kern Pharma
ARANBURU Alex,Movistar Team
ARASHIRO Yukiya,Bahrain - Victorious
ARCAS Jorge,Movistar Team
ARCHBOLD Shane,BORA - hansgrohe
ARDILA Andrés Camilo,UAE Team Emirates
ARENSMAN Thymen,Team DSM
ARISTI Mikel,Euskaltel - Euskadi
ARMIRAIL Bruno,Groupama - FDJ
ARMÉE Sander,Cofidis
ARNDT Nikias,Team DSM
ARRIETA Igor,Equipo Kern Pharma
ARROYAVE Daniel,EF Education-EasyPost
ASGREEN Kasper,Quick-Step Alpha Vinyl Team
ASKEY Lewis,Groupama - FDJ
AULAR Orluis,Caja Rural - Seguros RGA
AYUSO Juan,UAE Team Emirates
AZPARREN Xabier Mikel,Euskaltel - Euskadi
AZURMENDI Ibai,Euskaltel - Euskadi
BADILATTI Matteo,Groupama - FDJ
BAGIOLI Andrea,Quick-Step Alpha Vinyl Team
BAGÜES Aritz,Caja Rural - Seguros RGA
BAIS Davide,EOLO-Kometa
BAIS Mattia,Drone Hopper -  Androni Giocattoli
BAKELANTS Jan,Intermarché - Wanty - Gobert Matériaux
BALLARIN Iker,Euskaltel - Euskadi
BALLERINI Davide,Quick-Step Alpha Vinyl Team
BALLERSTEDT Maurice,Alpecin-Deceuninck
BALMER Alexandre,Team BikeExchange - Jayco
BARBERO Carlos,Lotto Soudal
BARBIER Pierre,B&B Hotels - KTM
BARBIER Rudy,Israel - Premier Tech
BARCELÓ Fernando,Caja Rural - Seguros RGA
BARDET Romain,Team DSM
BARGUIL Warren,Team Arkéa Samsic
BARONCINI Filippo,Trek - Segafredo
BARRENETXEA Jon,Caja Rural - Seguros RGA
BARTA Will,Movistar Team
BARTHE Cyril,B&B Hotels - KTM
BASSETT Stephen,Human Powered Health
BASSO Leonardo,Astana Qazaqstan Team
BATTAGLIN Enrico,Bardiani-CSF-Faizanè
BATTISTELLA Samuele,Astana Qazaqstan Team
BAUER Jack,Team BikeExchange - Jayco
BAUHAUS Phil,Bahrain - Victorious
BAX Sjoerd,Alpecin-Deceuninck
BAYER Tobias,Alpecin-Deceuninck
BEADLE Hamish,Team Novo Nordisk
BENEDETTI Cesare,BORA - hansgrohe
BENEDETTI Gabriele,Drone Hopper -  Androni Giocattoli
BENHAMOUDA Mehdi,Team Novo Nordisk
BENNETT George,UAE Team Emirates
BENNETT Sam,BORA - hansgrohe
BENOOT Tiesj,Jumbo-Visma
BERCKMOES Jenno,Sport Vlaanderen - Baloise
BERNAL Egan,INEOS Grenadiers
BERNARD Julien,Trek - Segafredo
BERRADE Urko,Equipo Kern Pharma
BERTHET Clément,AG2R Citroën Team
BERWICK Sebastian,Israel - Premier Tech
BETTIOL Alberto,EF Education-EasyPost
BEULLENS Cedric,Lotto Soudal
BEVILACQUA Simone,EOLO-Kometa
BEVIN Patrick,Israel - Premier Tech
BEWLEY Sam,Team BikeExchange - Jayco
BIDARD François,Cofidis
BIERMANS Jenthe,Israel - Premier Tech
BILBAO Pello,Bahrain - Victorious
BISOLTI Alessandro,Drone Hopper -  Androni Giocattoli
BISSEGGER Stefan,EF Education-EasyPost
BIZKARRA Mikel,Euskaltel - Euskadi
BJERG Mikkel,UAE Team Emirates
BLIKRA Erlend,Uno-X Pro Cycling Team
BLOUWE Louis,Bingoal Pauwels Sauces WB
BOARO Manuele,Astana Qazaqstan Team
BOASSON HAGEN Edvald,TotalEnergies
BODNAR Maciej,TotalEnergies
BOHLI Tom,Cofidis
BOILEAU Alan,B&B Hotels - KTM
BOIVIN Guillaume,Israel - Premier Tech
BOL Cees,Team DSM
BOL Jetse,Burgos-BH
BONIFAZIO Niccolò,TotalEnergies
BONILLO Iker,Bardiani-CSF-Faizanè
BONNAMOUR Franck,B&B Hotels - KTM
BONNEU Kamiel,Sport Vlaanderen - Baloise
BOU Joan,Euskaltel - Euskadi
BOUCHARD Geoffrey,AG2R Citroën Team
BOUET Maxime,Team Arkéa Samsic
BOUHANNI Nacer,Team Arkéa Samsic
BOUWMAN Koen,Jumbo-Visma
BRAET Vito,Sport Vlaanderen - Baloise
BRAMBILLA Gianluca,Trek - Segafredo
BRAND Sam,Team Novo Nordisk
BRENNER Marco,Team DSM
BROWN Nathan,Human Powered Health
BRUNEL Alexys,UAE Team Emirates
BRUSSENSKIY Gleb,Astana Qazaqstan Team
BRUSTENGA Marc,Trek - Segafredo
BRÄNDLE Matthias,Israel - Premier Tech
BUCHMANN Emanuel,BORA - hansgrohe
BUITRAGO Santiago,Bahrain - Victorious
BURGAUDEAU Mathieu,TotalEnergies
BYSTRØM Sven Erik,Intermarché - Wanty - Gobert Matériaux
CABEDO Óscar,Burgos-BH
CABOT Jérémy,TotalEnergies
CAICEDO Jonathan Klever,EF Education-EasyPost
CALLE Juan Fernando,Caja Rural - Seguros RGA
CALMEJANE Lilian,AG2R Citroën Team
CAMARGO Diego Andrés,EF Education-EasyPost
CAMPENAERTS Victor,Lotto Soudal
CANAL Carlos,Euskaltel - Euskadi
CANOLA Marco,Gazprom - RusVelo
CAPIOT Amaury,Team Arkéa Samsic
CARAPAZ Richard,INEOS Grenadiers
CARBONI Giovanni,Gazprom - RusVelo
CARPENTER Robin,Human Powered Health
CARR Simon,EF Education-EasyPost
CARRETERO Héctor,Equipo Kern Pharma
CARTHY Hugh,EF Education-EasyPost
CARUSO Damiano,Bahrain - Victorious
CARVALHO Andre,Cofidis
CASTRILLO Jaime,Equipo Kern Pharma
CASTROVIEJO Jonathan,INEOS Grenadiers
CATAFORD Alexander,Israel - Premier Tech
CATALDO Dario,Trek - Segafredo
CATTANEO Mattia,Quick-Step Alpha Vinyl Team
CAVAGNA Rémi,Quick-Step Alpha Vinyl Team
CAVENDISH Mark,Quick-Step Alpha Vinyl Team
CAÑAVERAL Johnatan,Bardiani-CSF-Faizanè
CEPEDA Jefferson Alexander,Drone Hopper -  Androni Giocattoli
CEPEDA Jefferson Alveiro,Caja Rural - Seguros RGA
CEURENS Robbe,Team Novo Nordisk
CHAMPION Thomas,Cofidis
CHAMPOUSSIN Clément,AG2R Citroën Team
CHARMIG Anthon,Uno-X Pro Cycling Team
CHAVES Esteban,EF Education-EasyPost
CHEREL Mikaël,AG2R Citroën Team
CHERKASOV Nikolay,Gazprom - RusVelo
CHERNETSKI Sergei,Gazprom - RusVelo
CHEVALIER Maxime,B&B Hotels - KTM
CHIRICO Luca,Drone Hopper -  Androni Giocattoli
CHRISTIAN Mark,EOLO-Kometa
CICCONE Giulio,Trek - Segafredo
CIMOLAI Davide,Cofidis
CLAEYS Dimitri,Intermarché - Wanty - Gobert Matériaux
CLANCY Stephen,Team Novo Nordisk
CLARKE Simon,Israel - Premier Tech
COBO Iván,Equipo Kern Pharma
COLBRELLI Sonny,Bahrain - Victorious
COLLEONI Kevin,Team BikeExchange - Jayco
COLMAN Alex,Sport Vlaanderen - Baloise
COLNAGHI Luca,Bardiani-CSF-Faizanè
COMBAUD Romain,Team DSM
CONCA Filippo,Lotto Soudal
CONCI Nicola,Gazprom - RusVelo
CONSONNI Simone,Cofidis
CONTI Valerio,Astana Qazaqstan Team
COQUARD Bryan,Cofidis
CORT Magnus,EF Education-EasyPost
COSNEFROY Benoît,AG2R Citroën Team
COSTA Rui,UAE Team Emirates
COTÉ Pier-André,Human Powered Health
COVI Alessandro,UAE Team Emirates
COVILI Luca,Bardiani-CSF-Faizanè
CRADDOCK Lawson,Team BikeExchange - Jayco
CRAS Steff,Lotto Soudal
CUADRADO Unai,Euskaltel - Euskadi
CUADROS Álvaro,Caja Rural - Seguros RGA
DAINESE Alberto,Team DSM
DAUGE Lucas,Team Novo Nordisk
DAVY Clément,Groupama - FDJ
DE BOD Stefan,Astana Qazaqstan Team
DE BONDT Dries,Alpecin-Deceuninck
DE BUYST Jasper,Lotto Soudal
DE GENDT Aimé,Intermarché - Wanty - Gobert Matériaux
DE GENDT Thomas,Lotto Soudal
DE KEIJZER Gerd,Team Novo Nordisk
DE KLEIJN Arvid,Human Powered Health
DE LA CRUZ David,Astana Qazaqstan Team
DE LA PARTE Víctor,TotalEnergies
DE LIE Arnaud,Lotto Soudal
DE MAEGHT Dorian,Bingoal Pauwels Sauces WB
DE MARCHI Alessandro,Israel - Premier Tech
DE PESTEL Sander,Sport Vlaanderen - Baloise
DE PLUS Laurens,INEOS Grenadiers
DE POOTER Dries,Intermarché - Wanty - Gobert Matériaux
DE TIER Floris,Alpecin-Deceuninck
DE VOS Adam,Human Powered Health
DE VYLDER Lindsay,Sport Vlaanderen - Baloise
DE WILDE Gilles,Sport Vlaanderen - Baloise
DEBUSSCHERE Jens,B&B Hotels - KTM
DECLERCQ Benjamin,Team Arkéa Samsic
DECLERCQ Tim,Quick-Step Alpha Vinyl Team
DEGENKOLB John,Team DSM
DEKKER David,Jumbo-Visma
DELACROIX Théo,Intermarché - Wanty - Gobert Matériaux
DELAPLACE Anthony,Team Arkéa Samsic
DELETTRE Alexandre,Cofidis
DENNIS Rohan,Jumbo-Visma
DENS Tuur,Sport Vlaanderen - Baloise
DENZ Nico,Team DSM
DESAL Ceriel,Bingoal Pauwels Sauces WB
DEVENYNS Dries,Quick-Step Alpha Vinyl Team
DEVRIENDT Tom,Intermarché - Wanty - Gobert Matériaux
DEWULF Stan,AG2R Citroën Team
DILLIER Silvan,Alpecin-Deceuninck
DINA Márton,EOLO-Kometa
DOMBROWSKI Joe,Astana Qazaqstan Team
DOMINGUES André,Burgos-BH
DONOVAN Mark,Team DSM
DOUBEY Fabien,TotalEnergies
DOULL Owain,EF Education-EasyPost
DOWSETT Alex,Israel - Premier Tech
DRIZNERS Jarrad,Lotto Soudal
DUCHESNE Antoine,Groupama - FDJ
DUJARDIN Sandy,TotalEnergies
DUMOULIN Tom,Jumbo-Visma
DUNBAR Eddie,INEOS Grenadiers
DUNNEWIND Jan,Team Novo Nordisk
DUPONT Timothy,Bingoal Pauwels Sauces WB
DURBRIDGE Luke,Team BikeExchange - Jayco
DVERSNES Fredrik,Uno-X Pro Cycling Team
DÉMARE Arnaud,Groupama - FDJ
DÍAZ José Manuel,Gazprom - RusVelo
EDET Nicolas,Team Arkéa Samsic
EDMONDSON Alex,Team BikeExchange - Jayco
EEKHOFF Nils,Team DSM
EENKHOORN Pascal,Jumbo-Visma
EG Niklas,Uno-X Pro Cycling Team
EGHOLM Jakob,Trek - Segafredo
EIKING Odd Christian,EF Education-EasyPost
EINHORN Itamar,Israel - Premier Tech
EL GOUZI Omar,Bardiani-CSF-Faizanè
ELISSONDE Kenny,Trek - Segafredo
ELOSEGUI Iñigo,Movistar Team
ERVITI Imanol,Movistar Team
ETXEBERRIA Asier,Euskaltel - Euskadi
ETXEBERRIA Josu,Caja Rural - Seguros RGA
EVENEPOEL Remco,Quick-Step Alpha Vinyl Team
EWAN Caleb,Lotto Soudal
EZQUERRA Jesús,Burgos-BH
FABBRO Matteo,BORA - hansgrohe
FANCELLU Alessandro,EOLO-Kometa
FEDELI Alessandro,Gazprom - RusVelo
FEDOROV Yevgeniy,Astana Qazaqstan Team
FELLINE Fabio,Astana Qazaqstan Team
FENG Chun Kai,Bahrain - Victorious
FERASSE Thibault,B&B Hotels - KTM
FERNÁNDEZ Rubén,Cofidis
FERRON Valentin,TotalEnergies
FETTER Erik,EOLO-Kometa
FINÉ Eddy,Cofidis
FIORELLI Filippo,Bardiani-CSF-Faizanè
FISHER-BLACK Finn,UAE Team Emirates
FLÓREZ Miguel Eduardo,Team Arkéa Samsic
FORMOLO Davide,UAE Team Emirates
FORTUNATO Lorenzo,EOLO-Kometa
FOSS Tobias,Jumbo-Visma
FRAILE Omar,INEOS Grenadiers
FRANCO Alejandro,Burgos-BH
FRETIN Milan,Sport Vlaanderen - Baloise
FRISON Frederik,Lotto Soudal
FROOME Chris,Israel - Premier Tech
FUENTES Ángel,Burgos-BH
FUGLSANG Jakob,Israel - Premier Tech
GABBURO Davide,Bardiani-CSF-Faizanè
GALL Felix,AG2R Citroën Team
GALLOPIN Tony,Trek - Segafredo
GALVÁN Francisco,Equipo Kern Pharma
GAMPER Patrick,BORA - hansgrohe
GANNA Filippo,INEOS Grenadiers
GARCÍA CORTINA Iván,Movistar Team
GARCÍA Jhojan,Caja Rural - Seguros RGA
GARCÍA PIERNA Carlos,Equipo Kern Pharma
GARCÍA PIERNA Raúl,Equipo Kern Pharma
GARCÍA Sergio,EOLO-Kometa
GAUDU David,Groupama - FDJ
GAUTIER Cyril,B&B Hotels - KTM
GAVAZZI Francesco,EOLO-Kometa
GAVIRIA Fernando,UAE Team Emirates
GAZE Samuel,Alpecin-Deceuninck
GAZZOLI Michele,Astana Qazaqstan Team
GENIETS Kevin,Groupama - FDJ
GENIEZ Alexandre,TotalEnergies
GEOGHEGAN HART Tao,INEOS Grenadiers
GESBERT Élie,Team Arkéa Samsic
GESCHKE Simon,Cofidis
GESINK Robert,Jumbo-Visma
GHEBREIGZABHIER Amanuel,Trek - Segafredo
GHYS Robbe,Sport Vlaanderen - Baloise
GIBBONS Ryan,UAE Team Emirates
GIDICH Yevgeniy,Astana Qazaqstan Team
GILBERT Philippe,Lotto Soudal
GIRMAY Biniam,Intermarché - Wanty - Gobert Matériaux
GODON Dorian,AG2R Citroën Team
GOGL Michael,Alpecin-Deceuninck
GOIKOETXEA Peio,Euskaltel - Euskadi
GOLDSTEIN Omer,Israel - Premier Tech
GONZÁLEZ Abner,Movistar Team
GONZÁLEZ David,Caja Rural - Seguros RGA
GOOSSENS Kobe,Intermarché - Wanty - Gobert Matériaux
GOUGEARD Alexis,B&B Hotels - KTM
GRADEK Kamil,Bahrain - Victorious
GREGAARD Jonas,Uno-X Pro Cycling Team
GRELLIER Fabien,TotalEnergies
GRIGNARD Sébastien,Lotto Soudal
GRMAY Tsgabu,Team BikeExchange - Jayco
GROENEWEGEN Dylan,Team BikeExchange - Jayco
GRONDIN Donavan,Team Arkéa Samsic
GROSU Eduard-Michael,Drone Hopper -  Androni Giocattoli
GROVES Kaden,Team BikeExchange - Jayco
GROß Felix,UAE Team Emirates
GROßSCHARTNER Felix,BORA - hansgrohe
GRUZDEV Dmitriy,Astana Qazaqstan Team
GRÁVALOS Arturo,EOLO-Kometa
GUARNIERI Jacopo,Groupama - FDJ
GUDMESTAD Tord,Uno-X Pro Cycling Team
GUERNALEC Thibault,Team Arkéa Samsic
GUERREIRO Ruben,EF Education-EasyPost
GUGLIELMI Simon,Team Arkéa Samsic
HAGA Chad,Human Powered Health
HAGEN Carl Fredrik,Israel - Premier Tech
HAIG Jack,Bahrain - Victorious
HALLER Marco,BORA - hansgrohe
HALVORSEN Kristoffer,Uno-X Pro Cycling Team
HAMILTON Chris,Team DSM
HAMILTON Lucas,Team BikeExchange - Jayco
HANSEN Lasse Norman,Uno-X Pro Cycling Team
HARDY Romain,Team Arkéa Samsic
HARPER Chris,Jumbo-Visma
HAUSSLER Heinrich,Bahrain - Victorious
HAYTER Ethan,INEOS Grenadiers
HEALY Ben,EF Education-EasyPost
HECHT Gage,Human Powered Health
HEIDEMANN Miguel,B&B Hotels - KTM
HEIDUK Kim,INEOS Grenadiers
HEINSCHKE Leon,Team DSM
HELLEMOSE Asbjørn,Trek - Segafredo
HENAO Sebastián,Astana Qazaqstan Team
HENTTALA Joonas,Team Novo Nordisk
HEPBURN Michael,Team BikeExchange - Jayco
HERMANS Ben,Israel - Premier Tech
HERMANS Quinten,Intermarché - Wanty - Gobert Matériaux
HERRADA Jesús,Cofidis
HERRADA José,Cofidis
HERREGODTS Rune,Sport Vlaanderen - Baloise
HESSMANN Michel,Jumbo-Visma
HESTERS Jules,Sport Vlaanderen - Baloise
HIGUITA Sergio,BORA - hansgrohe
HINDLEY Jai,BORA - hansgrohe
HINDSGAUL Jacob,Uno-X Pro Cycling Team
HIRSCHI Marc,UAE Team Emirates
HIRT Jan,Intermarché - Wanty - Gobert Matériaux
HIVERT Jonathan,B&B Hotels - KTM
HODEG Álvaro José,UAE Team Emirates
HOELGAARD Markus,Trek - Segafredo
HOFSTEDE Lennard,Jumbo-Visma
HOFSTETTER Hugo,Team Arkéa Samsic
HOLLENSTEIN Reto,Israel - Premier Tech
HOLLMANN Juri,Movistar Team
HOLMES Matthew,Lotto Soudal
HOLTER Ådne,Uno-X Pro Cycling Team
HOLTHER Trym Westgaard,Drone Hopper -  Androni Giocattoli
HONORÉ Mikkel Frølich,Quick-Step Alpha Vinyl Team
HOOLE Daan,Trek - Segafredo
HOULE Hugo,Israel - Premier Tech
HOWES Alex,EF Education-EasyPost
HOWSON Damien,Team BikeExchange - Jayco
HULGAARD Morten,Uno-X Pro Cycling Team
HUYS Laurens,Intermarché - Wanty - Gobert Matériaux
HVIDEBERG Jonas Iversby,Team DSM
HÄNNINEN Jaakko,AG2R Citroën Team
IMPEY Daryl,Israel - Premier Tech
IRIBAR Unai,Euskaltel - Euskadi
IRIZAR Julen,Euskaltel - Euskadi
IRVINE Declan,Team Novo Nordisk
ISASA Xabier,Euskaltel - Euskadi
ITURRIA Mikel,Euskaltel - Euskadi
IZAGIRRE Gorka,Movistar Team
IZAGIRRE Ion,Cofidis
JACOBS Johan,Movistar Team
JAIME Álex,Equipo Kern Pharma
JAKOBSEN Fabio,Quick-Step Alpha Vinyl Team
JANSE VAN RENSBURG Reinardt,Lotto Soudal
JANSEN Amund Grøndahl,Team BikeExchange - Jayco
JANSSENS Jimmy,Alpecin-Deceuninck
JAUREGUI Quentin,B&B Hotels - KTM
JENSEN August,Human Powered Health
JOHANNESSEN Anders Halland,Uno-X Pro Cycling Team
JOHANNESSEN Tobias Halland,Uno-X Pro Cycling Team
JOHANSEN Julius,Intermarché - Wanty - Gobert Matériaux
JOHNSTON Calum,Caja Rural - Seguros RGA
JONES Taj,Israel - Premier Tech
JORGENSON Matteo,Movistar Team
JOUSSEAUME Alan,TotalEnergies
JOYCE Colin,Human Powered Health
JUARISTI Txomin,Euskaltel - Euskadi
JULLIEN Anthony,AG2R Citroën Team
JUNGELS Bob,AG2R Citroën Team
JUUL-JENSEN Christopher,Team BikeExchange - Jayco
KAMP Alexander,Trek - Segafredo
KANGERT Tanel,Team BikeExchange - Jayco
KANTER Max,Movistar Team
KEISSE Iljo,Quick-Step Alpha Vinyl Team
KELDERMAN Wilco,BORA - hansgrohe
KEUKELEIRE Jens,EF Education-EasyPost
KING Ben,Human Powered Health
KIRSCH Alex,Trek - Segafredo
KLUGE Roger,Lotto Soudal
KNOX James,Quick-Step Alpha Vinyl Team
KOCH Jonas,BORA - hansgrohe
KOCHETKOV Pavel,Gazprom - RusVelo
KONOVALOVAS Ignatas,Groupama - FDJ
KONRAD Patrick,BORA - hansgrohe
KONYCHEV Alexander,Team BikeExchange - Jayco
KOOIJ Olav,Jumbo-Visma
KOPECKÝ Matyáš,Team Novo Nordisk
KORETZKY Victor,B&B Hotels - KTM
KRAGH ANDERSEN Asbjørn,Team DSM
KRAGH ANDERSEN Søren,Team DSM
KREDER Wesley,Cofidis
KRIEGER Alexander,Alpecin-Deceuninck
KRISTOFF Alexander,Intermarché - Wanty - Gobert Matériaux
KRON Andreas,Lotto Soudal
KRUIJSWIJK Steven,Jumbo-Visma
KRUL Wessel,Human Powered Health
KUDUS Merhawi,EF Education-EasyPost
KUKRLE Michael,Gazprom - RusVelo
KULSET Kristian,Uno-X Pro Cycling Team
KULSET Sindre,Uno-X Pro Cycling Team
KUSS Sepp,Jumbo-Visma
KUSZTOR Péter,Team Novo Nordisk
KWIATKOWSKI Michał,INEOS Grenadiers
KÄMNA Lennard,BORA - hansgrohe
KÜNG Stefan,Groupama - FDJ
LAAS Martin,BORA - hansgrohe
LADAGNOUS Matthieu,Groupama - FDJ
LAENGEN Vegard Stake,UAE Team Emirates
LAFAY Victor,Cofidis
LAGRÉE Adrien,B&B Hotels - KTM
LAMPAERT Yves,Quick-Step Alpha Vinyl Team
LANDA Mikel,Bahrain - Victorious
LANGELLOTTI Victor,Burgos-BH
LANGEVELD Sebastian,EF Education-EasyPost
LAPEIRA Paul,AG2R Citroën Team
LAPORTE Christophe,Jumbo-Visma
LARSEN Niklas,Uno-X Pro Cycling Team
LASTRA Jonathan,Caja Rural - Seguros RGA
LATOUR Pierre,TotalEnergies
LAUK Karl Patrick,Bingoal Pauwels Sauces WB
LAURANCE Axel,B&B Hotels - KTM
LAWLESS Chris,TotalEnergies
LAZKANO Oier,Movistar Team
LE GAC Olivier,Groupama - FDJ
LECROQ Jérémy,B&B Hotels - KTM
LEDANOIS Kévin,Team Arkéa Samsic
LEEMREIZE Gijs,Jumbo-Visma
LEITÃO Iúri,Caja Rural - Seguros RGA
LEKNESSUND Andreas,Team DSM
LEMOINE Cyril,B&B Hotels - KTM
LEVY William Blume,Uno-X Pro Cycling Team
LEYSEN Senne,Alpecin-Deceuninck
LIENHARD Fabian,Groupama - FDJ
LIEPIŅŠ Emīls,Trek - Segafredo
LIETAER Eliot,B&B Hotels - KTM
LIVYNS Arjen,Bingoal Pauwels Sauces WB
LOBATO Juan José,Euskaltel - Euskadi
LONARDI Giovanni,EOLO-Kometa
LOPEZ Diego,Equipo Kern Pharma
LOUVEL Matis,Team Arkéa Samsic
LOZANO David,Team Novo Nordisk
LUDVIGSSON Tobias,Groupama - FDJ
LUNDER Eirik,Gazprom - RusVelo
LUTSENKO Alexey,Astana Qazaqstan Team
LÓPEZ Jordi,Equipo Kern Pharma
LÓPEZ Juan Pedro,Trek - Segafredo
LÓPEZ Miguel Ángel,Astana Qazaqstan Team
LÓPEZ-CÓZAR Juan Antonio,Burgos-BH
LÜHRS Luis-Joe,BORA - hansgrohe
MAAS Jan,Team BikeExchange - Jayco
MACIEJUK Filip,Bahrain - Victorious
MADAN Ahmed,Bahrain - Victorious
MADOUAS Valentin,Groupama - FDJ
MADRAZO Ángel,Burgos-BH
MAESTRI Mirco,EOLO-Kometa
MAJKA Rafał,UAE Team Emirates
MALUCELLI Matteo,Gazprom - RusVelo
MANNION Gavin,Human Powered Health
MANZIN Lorrenzo,TotalEnergies
MARCELLUSI Martin,Bardiani-CSF-Faizanè
MARCHIORI Leonardo,Drone Hopper -  Androni Giocattoli
MARECZKO Jakub,Alpecin-Deceuninck
MARENGO Umberto,Drone Hopper -  Androni Giocattoli
MARIT Arne,Sport Vlaanderen - Baloise
MARQUEZ Marti,Equipo Kern Pharma
MARTIN Alex,EOLO-Kometa
MARTIN David,EOLO-Kometa
MARTIN Guillaume,Cofidis
MARTINELLI Alessio,Bardiani-CSF-Faizanè
MARTINELLI Davide,Astana Qazaqstan Team
MARTÍN Gotzon,Euskaltel - Euskadi
MARTÍN Sergio Roman,Caja Rural - Seguros RGA
MARTÍNEZ Daniel Felipe,INEOS Grenadiers
MAS Enric,Movistar Team
MAS Lluís,Movistar Team
MASNADA Fausto,Quick-Step Alpha Vinyl Team
MATTHEWS Michael,Team BikeExchange - Jayco
MATÉ Luis Ángel,Euskaltel - Euskadi
MAYRHOFER Marius,Team DSM
MAZZUCCO Fabio,Bardiani-CSF-Faizanè
MAŁECKI Kamil,Lotto Soudal
MCLAY Daniel,Team Arkéa Samsic
MCNULTY Brandon,UAE Team Emirates
MEENS Johan,Bingoal Pauwels Sauces WB
MEEUS Jordi,BORA - hansgrohe
MEINTJES Louis,Intermarché - Wanty - Gobert Matériaux
MENDEZ Daniel Alejandro,Equipo Kern Pharma
MENTEN Milan,Bingoal Pauwels Sauces WB
MERCHAN Didier,Drone Hopper -  Androni Giocattoli
MERLIER Tim,Alpecin-Deceuninck
MERTENS Julian,Sport Vlaanderen - Baloise
MERTZ Rémy,Bingoal Pauwels Sauces WB
MEURISSE Xandro,Alpecin-Deceuninck
MEYER Cameron,Team BikeExchange - Jayco
MEZGEC Luka,Team BikeExchange - Jayco
MIHKELS Madis,Intermarché - Wanty - Gobert Matériaux
MILAN Jonathan,Bahrain - Victorious
MIQUEL Pau,Equipo Kern Pharma
MIRZA Yousif,UAE Team Emirates
MODOLO Sacha,Bardiani-CSF-Faizanè
MOHORIČ Matej,Bahrain - Victorious
MOLANO Juan Sebastián,UAE Team Emirates
MOLARD Rudy,Groupama - FDJ
MOLENAAR Alex,Burgos-BH
MOLLEMA Bauke,Trek - Segafredo
MOLLY Kenny,Bingoal Pauwels Sauces WB
MONIQUET Sylvain,Lotto Soudal
MORENO Adrià,Burgos-BH
MORENO Iván,Equipo Kern Pharma
MORICE Julien,B&B Hotels - KTM
MORTON Lachlan,EF Education-EasyPost
MOSCA Jacopo,Trek - Segafredo
MOSCHETTI Matteo,Trek - Segafredo
MOSCON Gianni,Astana Qazaqstan Team
MOZZATO Luca,B&B Hotels - KTM
MULLEN Ryan,BORA - hansgrohe
MULLER Gabriel,Burgos-BH
MULUBRHAN Henok,Bardiani-CSF-Faizanè
MURGUIALDAY Jokin,Caja Rural - Seguros RGA
MURPHY Kyle,Human Powered Health
MUÑOZ Daniel,Drone Hopper -  Androni Giocattoli
MÄDER Gino,Bahrain - Victorious
MÄRKL Niklas,Team DSM
MØRKØV Michael,Quick-Step Alpha Vinyl Team
MÜHLBERGER Gregor,Movistar Team
NABERMAN Tim,Team DSM
NAESEN Lawrence,AG2R Citroën Team
NAESEN Oliver,AG2R Citroën Team
NAKANE Hideto,EF Education-EasyPost
NARVÁEZ Jhonatan,INEOS Grenadiers
NATAROV Yuriy,Astana Qazaqstan Team
NAVARRO Daniel,Burgos-BH
NEILANDS Krists,Israel - Premier Tech
NEKRASOV Denis,Gazprom - RusVelo
NIBALI Antonio,Astana Qazaqstan Team
NIBALI Vincenzo,Astana Qazaqstan Team
NICOLAU Joel,Caja Rural - Seguros RGA
NIERI Alessio,Bardiani-CSF-Faizanè
NIEUWENHUIS Joris,Team DSM
NIEVE Mikel,Caja Rural - Seguros RGA
NIV Guy,Israel - Premier Tech
NIZZOLO Giacomo,Israel - Premier Tech
NOPPE Christophe,Team Arkéa Samsic
NORSGAARD Mathias,Movistar Team
NOVAK Domen,Bahrain - Victorious
NOVIKOV Savva,Equipo Kern Pharma
NURLYKHASSYM Nurbergen,Astana Qazaqstan Team
NYCH Artem,Gazprom - RusVelo
O'BRIEN Kelland,Team BikeExchange - Jayco
O'CONNOR Ben,AG2R Citroën Team
OKAMIKA Ander,Burgos-BH
OLDANI Stefano,Alpecin-Deceuninck
OLIVEIRA Ivo,UAE Team Emirates
OLIVEIRA Nelson,Movistar Team
OLIVEIRA Rui,UAE Team Emirates
OOMEN Sam,Jumbo-Visma
ORTS Felipe,Burgos-BH
OSORIO Alejandro,Bahrain - Victorious
OSS Daniel,TotalEnergies
OURSELIN Paul,TotalEnergies
OWSIAN Łukasz,Team Arkéa Samsic
PAASSCHENS Mathijs,Bingoal Pauwels Sauces WB
PACHER Quentin,Groupama - FDJ
PADUN Mark,EF Education-EasyPost
PAGE Hugo,Intermarché - Wanty - Gobert Matériaux
PAJUR Markus,Team Arkéa Samsic
PALZER Anton,BORA - hansgrohe
PAQUOT Tom,Bingoal Pauwels Sauces WB
PARET-PEINTRE Aurélien,AG2R Citroën Team
PARET-PEINTRE Valentin,AG2R Citroën Team
PARISELLA Raphael,B&B Hotels - KTM
PARRA José Félix,Equipo Kern Pharma
PASQUALON Andrea,Intermarché - Wanty - Gobert Matériaux
PEDERSEN Casper,Team DSM
PEDERSEN Mads,Trek - Segafredo
PEDRERO Antonio,Movistar Team
PELEGRÍ Óscar,Burgos-BH
PELLAUD Simon,Trek - Segafredo
PELLIZZARI Giulio,Bardiani-CSF-Faizanè
PEREZ Anthony,Cofidis
PERNSTEINER Hermann,Bahrain - Victorious
PERON Andrea,Team Novo Nordisk
PETERS Nans,AG2R Citroën Team
PETILLI Simone,Intermarché - Wanty - Gobert Matériaux
PETIT Adrien,Intermarché - Wanty - Gobert Matériaux
PEYSKENS Dimitri,Bingoal Pauwels Sauces WB
PEÁK Barnabás,Intermarché - Wanty - Gobert Matériaux
PEÑA Jesús David,Team BikeExchange - Jayco
PEÑALVER Manuel,Burgos-BH
PHILIPSEN Jasper,Alpecin-Deceuninck
PHIPPEN Logan,Team Novo Nordisk
PICCOLI James,Israel - Premier Tech
PICCOLO Andrea,Gazprom - RusVelo
PICHON Laurent,Team Arkéa Samsic
PIDCOCK Thomas,INEOS Grenadiers
PINARELLO Alessandro,Bardiani-CSF-Faizanè
PINOT Thibaut,Groupama - FDJ
PIRA Yesid Albeiro,Caja Rural - Seguros RGA
PLANCKAERT Baptiste,Intermarché - Wanty - Gobert Matériaux
PLANCKAERT Edward,Alpecin-Deceuninck
PLANET Charles,Team Novo Nordisk
PLAPP Luke,INEOS Grenadiers
POELS Wout,Bahrain - Victorious
POGAČAR Tadej,UAE Team Emirates
POLANC Jan,UAE Team Emirates
POLI Umberto,Team Novo Nordisk
POLITT Nils,BORA - hansgrohe
PONOMAR Andrii,Drone Hopper -  Androni Giocattoli
PORTE Richie,INEOS Grenadiers
POWLESS Neilson,EF Education-EasyPost
POZZOVIVO Domenico,Intermarché - Wanty - Gobert Matériaux
PRADES Eduard,Caja Rural - Seguros RGA
PRICE-PEJTERSEN Johan,Bahrain - Victorious
PRODHOMME Nicolas,AG2R Citroën Team
PRONSKIY Vadim,Astana Qazaqstan Team
PUCCIO Salvatore,INEOS Grenadiers
PÉRICHON Pierre-Luc,Cofidis
PÖSTLBERGER Lukas,BORA - hansgrohe
QUINN Sean,EF Education-EasyPost
QUINTANA Dayer,Team Arkéa Samsic
QUINTANA Nairo,Team Arkéa Samsic
RANGEL COSTA Vinicius,Movistar Team
RASTELLI Luca,Bardiani-CSF-Faizanè
RAUGEL Antoine,AG2R Citroën Team
RAVANELLI Simone,Drone Hopper -  Androni Giocattoli
RAVASI Edward,EOLO-Kometa
REICHENBACH Sébastien,Groupama - FDJ
RENARD Alexis,Cofidis
RESELL Erik Nordsæter,Uno-X Pro Cycling Team
RESTREPO Jhonatan,Drone Hopper -  Androni Giocattoli
RETAILLEAU Valentin,AG2R Citroën Team
REX Laurenz,Bingoal Pauwels Sauces WB
REYNDERS Jens,Sport Vlaanderen - Baloise
RIABUSHENKO Alexandr,Astana Qazaqstan Team
RICHEZE Maximiliano,UAE Team Emirates
RICKAERT Jonas,Alpecin-Deceuninck
RIDOLFO Filippo,Team Novo Nordisk
RIES Michel,Team Arkéa Samsic
RIESEBEEK Oscar,Alpecin-Deceuninck
RIKUNOV Petr,Gazprom - RusVelo
RIOU Alan,Team Arkéa Samsic
RIVERA Brandon Smith,INEOS Grenadiers
RIVERA Kevin,Gazprom - RusVelo
RIVI Samuele,EOLO-Kometa
ROBEET Ludovic,Bingoal Pauwels Sauces WB
ROCHAS Rémy,Cofidis
RODENBERG Frederik,Team DSM
RODRÍGUEZ Carlos,INEOS Grenadiers
RODRÍGUEZ Cristián,TotalEnergies
RODRÍGUEZ Óscar,Movistar Team
ROGLIČ Primož,Jumbo-Visma
ROJAS Brandon Alejandro,Drone Hopper -  Androni Giocattoli
ROJAS José Joaquín,Movistar Team
ROLLAND Pierre,B&B Hotels - KTM
ROMO Javier,Astana Qazaqstan Team
ROOSEN Timo,Jumbo-Visma
ROPERO Alejandro,EOLO-Kometa
ROSA Diego,EOLO-Kometa
ROSSKOPF Joey,Human Powered Health
ROTA Lorenzo,Intermarché - Wanty - Gobert Matériaux
ROUX Anthony,Groupama - FDJ
ROVNY Ivan,Gazprom - RusVelo
ROWE Luke,INEOS Grenadiers
RUBIO Diego,Burgos-BH
RUBIO Einer Augusto,Movistar Team
RUIZ Ibon,Equipo Kern Pharma
RUSSO Clément,Team Arkéa Samsic
RUTSCH Jonas,EF Education-EasyPost
RÄIM Mihkel,Burgos-BH
SAGAN Juraj,TotalEnergies
SAGAN Peter,TotalEnergies
SAGIV Guy,Israel - Premier Tech
SAJNOK Szymon,Cofidis
SAMITIER Sergio,Movistar Team
SANTAROMITA Alessandro,Bardiani-CSF-Faizanè
SARREAU Marc,AG2R Citroën Team
SAUGSTAD Lars,Uno-X Pro Cycling Team
SBARAGLI Kristian,Alpecin-Deceuninck
SCARONI Christian,Gazprom - RusVelo
SCHACHMANN Maximilian,BORA - hansgrohe
SCHELLING Ide,BORA - hansgrohe
SCHLEGEL Michal,Caja Rural - Seguros RGA
SCHMID Mauro,Quick-Step Alpha Vinyl Team
SCHULTZ Nick,Team BikeExchange - Jayco
SCHWARZMANN Michael,Lotto Soudal
SCHÄR Michael,AG2R Citroën Team
SCHÖNBERGER Sebastian,B&B Hotels - KTM
SCOTSON Callum,Team BikeExchange - Jayco
SCOTSON Miles,Groupama - FDJ
SCULLY Tom,EF Education-EasyPost
SELIG Rüdiger,Lotto Soudal
SEPÚLVEDA Eduardo,Drone Hopper -  Androni Giocattoli
SERRANO Gonzalo,Movistar Team
SERRY Pieter,Quick-Step Alpha Vinyl Team
SEVILLA Diego Pablo,EOLO-Kometa
SHAW James,EF Education-EasyPost
SHEFFIELD Magnus,INEOS Grenadiers
SIMMONS Quinn,Trek - Segafredo
SIMON Julien,TotalEnergies
SINKELDAM Ramon,Groupama - FDJ
SIVAKOV Pavel,INEOS Grenadiers
SKAARSETH Anders,Uno-X Pro Cycling Team
SKAARSETH Iver,Uno-X Pro Cycling Team
SKJELMOSE JENSEN Mattias,Trek - Segafredo
SKUJIŅŠ Toms,Trek - Segafredo
SLEEN Torjus,Uno-X Pro Cycling Team
SMITH Dion,Team BikeExchange - Jayco
SOBRERO Matteo,Team BikeExchange - Jayco
SOLER Marc,UAE Team Emirates
SOSA Iván Ramiro,Movistar Team
SOTO Antonio Jesús,Euskaltel - Euskadi
SOUPE Geoffrey,TotalEnergies
STANNARD Robert,Alpecin-Deceuninck
STEELS Stijn,Quick-Step Alpha Vinyl Team
STEIMLE Jannik,Quick-Step Alpha Vinyl Team
STEINHAUSER Georg,EF Education-EasyPost
STEWART Campbell,Team BikeExchange - Jayco
STEWART Jake,Groupama - FDJ
STORER Michael,Groupama - FDJ
STORK Florian,Team DSM
STRAKHOV Dmitry,Gazprom - RusVelo
STRONG Corbin,Israel - Premier Tech
STUYVEN Jasper,Trek - Segafredo
SUTER Joel,UAE Team Emirates
SVRČEK Martin,Quick-Step Alpha Vinyl Team
SWEENY Harry,Lotto Soudal
SWIFT Ben,INEOS Grenadiers
SWIFT Connor,Team Arkéa Samsic
SWIRBUL Keegan,Human Powered Health
SÁNCHEZ Eugenio,Equipo Kern Pharma
SÁNCHEZ Luis León,Bahrain - Victorious
SÁNCHEZ Pelayo,Burgos-BH
SÉNÉCHAL Florian,Quick-Step Alpha Vinyl Team
SÜTTERLIN Jasha,Bahrain - Victorious
TAARAMÄE Rein,Intermarché - Wanty - Gobert Matériaux
TAGLIANI Filippo,Drone Hopper -  Androni Giocattoli
TAMINIAUX Lionel,Alpecin-Deceuninck
TAROZZI Manuele,Bardiani-CSF-Faizanè
TEJADA Harold,Astana Qazaqstan Team
TERPSTRA Niki,TotalEnergies
TESFATSION Natnael,Drone Hopper -  Androni Giocattoli
TEUNISSEN Mike,Jumbo-Visma
TEUNS Dylan,Bahrain - Victorious
THEUNS Edward,Trek - Segafredo
THIJSSEN Gerben,Intermarché - Wanty - Gobert Matériaux
THOMAS Benjamin,Cofidis
THOMAS Geraint,INEOS Grenadiers
THWAITES Scott,Alpecin-Deceuninck
TIBERI Antonio,Trek - Segafredo
TIETEMA Bas,Bingoal Pauwels Sauces WB
TILLER Rasmus,Uno-X Pro Cycling Team
TIZZA Marco,Bingoal Pauwels Sauces WB
TOLHOEK Antwan,Trek - Segafredo
TOLIO Alex,Bardiani-CSF-Faizanè
TONELLI Alessandro,Bardiani-CSF-Faizanè
TORRES Albert,Movistar Team
TOUMIRE Hugo,Cofidis
TOUZÉ Damien,AG2R Citroën Team
TRAININI Tomas,Bardiani-CSF-Faizanè
TRATNIK Jan,Bahrain - Victorious
TRENTIN Matteo,UAE Team Emirates
TROIA Oliviero,UAE Team Emirates
TRÆEN Torstein,Uno-X Pro Cycling Team
TULETT Ben,INEOS Grenadiers
TURGIS Anthony,TotalEnergies
TURNER Ben,INEOS Grenadiers
TUSVELD Martijn,Team DSM
UIJTDEBROEKS Cian,BORA - hansgrohe
ULISSI Diego,UAE Team Emirates
UMBA Santiago,Drone Hopper -  Androni Giocattoli
URIANSTAD Martin,Uno-X Pro Cycling Team
URÁN Rigoberto,EF Education-EasyPost
VACEK Mathias,Gazprom - RusVelo
VADER Milan,Jumbo-Visma
VALGREN Michael,EF Education-EasyPost
VALTER Attila,Groupama - FDJ
VALVERDE Alejandro,Movistar Team
VAN AERT Wout,Jumbo-Visma
VAN ASBROECK Tom,Israel - Premier Tech
VAN AVERMAET Greg,AG2R Citroën Team
VAN BAARLE Dylan,INEOS Grenadiers
VAN DEN BERG Julius,EF Education-EasyPost
VAN DEN BERG Lars,Groupama - FDJ
VAN DEN BERG Marijn,EF Education-EasyPost
VAN DEN BOSSCHE Fabio,Alpecin-Deceuninck
VAN DER HOORN Taco,Intermarché - Wanty - Gobert Matériaux
VAN DER POEL David,Alpecin-Deceuninck
VAN DER POEL Mathieu,Alpecin-Deceuninck
VAN DER SANDE Tosh,Jumbo-Visma
VAN DER TUUK Danny,Equipo Kern Pharma
VAN DIJKE Mick,Jumbo-Visma
VAN DIJKE Tim,Jumbo-Visma
VAN EMDEN Jos,Jumbo-Visma
VAN GESTEL Dries,TotalEnergies
VAN GILS Maxim,Lotto Soudal
VAN HOECKE Gijs,AG2R Citroën Team
VAN HOOYDONCK Nathan,Jumbo-Visma
VAN KEIRSBULCK Guillaume,Alpecin-Deceuninck
VAN KESSEL Corné,Intermarché - Wanty - Gobert Matériaux
VAN LERBERGHE Bert,Quick-Step Alpha Vinyl Team
VAN MELSEN Kévin,Intermarché - Wanty - Gobert Matériaux
VAN MOER Brent,Lotto Soudal
VAN POPPEL Boy,Intermarché - Wanty - Gobert Matériaux
VAN POPPEL Danny,BORA - hansgrohe
VAN POUCKE Aaron,Sport Vlaanderen - Baloise
VAN ROOY Kenneth,Sport Vlaanderen - Baloise
VAN TRICHT Stan,Quick-Step Alpha Vinyl Team
VAN WILDER Ilan,Quick-Step Alpha Vinyl Team
VANBILSEN Kenneth,Cofidis
VANDENABEELE Henri,Team DSM
VANHOOF Ward,Sport Vlaanderen - Baloise
VANHOUCKE Harm,Lotto Soudal
VANMARCKE Sep,Israel - Premier Tech
VANSEVENANT Mauri,Quick-Step Alpha Vinyl Team
VAUQUELIN Kévin,Team Arkéa Samsic
VELASCO Simone,Astana Qazaqstan Team
VENDRAME Andrea,AG2R Citroën Team
VENNER Quentin,Bingoal Pauwels Sauces WB
VENTURINI Clément,AG2R Citroën Team
VERGAERDE Otto,Trek - Segafredo
VERMAERKE Kevin,Team DSM
VERMEERSCH Florian,Lotto Soudal
VERMEERSCH Gianni,Alpecin-Deceuninck
VERMOTE Julien,Alpecin-Deceuninck
VERNON Ethan,Quick-Step Alpha Vinyl Team
VERONA Carlos,Movistar Team
VERRE Alessandro,Team Arkéa Samsic
VERSCHAEVE Viktor,Lotto Soudal
VERVAEKE Louis,Quick-Step Alpha Vinyl Team
VERVLOESEM Xandres,Lotto Soudal
VERWILST Aaron,Sport Vlaanderen - Baloise
VIEGAS Daniel,EOLO-Kometa
VIGO Martí,Drone Hopper -  Androni Giocattoli
VILLELLA Davide,Cofidis
VINE Jay,Alpecin-Deceuninck
VINGEGAARD Jonas,Jumbo-Visma
VISCONTI Giovanni,Bardiani-CSF-Faizanè
VIVIANI Attilio,Bingoal Pauwels Sauces WB
VIVIANI Elia,INEOS Grenadiers
VLASOV Aleksandr,BORA - hansgrohe
VLIEGEN Loïc,Intermarché - Wanty - Gobert Matériaux
VUILLERMOZ Alexis,TotalEnergies
WALLAYS Jelle,Cofidis
WALLS Matthew,BORA - hansgrohe
WALSCHEID Max,Cofidis
WANDAHL Frederik,BORA - hansgrohe
WARBASSE Larry,AG2R Citroën Team
WARLOP Jordi,B&B Hotels - KTM
WEEMAES Sasha,Sport Vlaanderen - Baloise
WELLENS Tim,Lotto Soudal
WELSFORD Sam,Team DSM
WELTEN Bram,Groupama - FDJ
WILLIAMS Stephen,Bahrain - Victorious
WIRTGEN Luc,Bingoal Pauwels Sauces WB
WIRTGEN Tom,Bingoal Pauwels Sauces WB
WIŚNIOWSKI Łukasz,EF Education-EasyPost
WOODS Michael,Israel - Premier Tech
WRIGHT Fred,Bahrain - Victorious
WURF Cameron,INEOS Grenadiers
WÆRENSKJOLD Søren,Uno-X Pro Cycling Team
WÆRSTED Syver,Uno-X Pro Cycling Team
WÜRTZ SCHMIDT Mads,Israel - Premier Tech
YATES Adam,INEOS Grenadiers
YATES Simon,Team BikeExchange - Jayco
ZABEL Rick,Israel - Premier Tech
ZAKARIN Ilnur,Gazprom - RusVelo
ZAKHAROV Artyom,Astana Qazaqstan Team
ZAMBANINI Edoardo,Bahrain - Victorious
ZANA Filippo,Bardiani-CSF-Faizanè
ZANONCELLO Enrico,Bardiani-CSF-Faizanè
ZARDINI Edoardo,Drone Hopper -  Androni Giocattoli
ZEITS Andrey,Astana Qazaqstan Team
ZIMMERMANN Georg,Intermarché - Wanty - Gobert Matériaux
ZINGLE Axel,Cofidis
ZOCCARATO Samuele,Bardiani-CSF-Faizanè
ZUKOWSKY Nickolas,Human Powered Health
ZURITA Ricardo Alejandro,Drone Hopper -  Androni Giocattoli
ZWIEHOFF Ben,BORA - hansgrohe
ČERNÝ Josef,Quick-Step Alpha Vinyl Team
ŘEPA Vojtěch,Equipo Kern Pharma
ŠTYBAR Zdeněk,Quick-Step Alpha Vinyl Team
